Time,A,B,C
0.266477,50,49,2
4.32853,50,48,3
11.5776,50,47,4
16.3344,50,46,5
33.4304,50,45,6
33.6715,49,46,6
37.8179,49,45,7
41.746,49,44,8
44.4284,49,43,9
54.4624,48,44,9
66.3314,47,45,9
77.8018,46,46,9
91.9971,45,47,9
93.7066,45,47,8
94.6349,45,46,9
106.03,45,45,10
