Time,A,B,C
0.776651,49,51,1
8.45693,49,50,2
11.8129,48,51,2
16.4989,47,52,2
18.4541,47,51,3
18.7671,47,50,4
27.7749,46,51,4
47.0717,46,50,5
64.2285,45,51,5
70.8824,45,51,4
79.2372,44,52,4
79.7982,44,51,5
103.682,44,51,4
