Time,A,B,C
4.79986,99,1,0
6.32434,98,2,0
8.72029,97,3,0
10.831,96,4,0
13.1956,95,5,0
20.5108,94,6,0
22.7251,93,7,0
23.5685,92,8,0
36.0864,91,9,0
37.057,90,10,0
41.5763,90,9,1
52.375,89,10,1
72.1183,88,11,1
74.2761,87,12,1
75.726,86,13,1
81.3636,85,14,1
85.5058,84,15,1
111.886,83,16,1
